Schools,Faculties,Department,Links
HKUST,School of Science,Department of Chemistry,https://facultyprofiles.hkust.edu.hk/facultylisting.php
HKUST,School of Science,Department of Mathematics,https://facultyprofiles.hkust.edu.hk/facultylisting.php
HKUST,School of Science,Department of Ocean Science,https://facultyprofiles.hkust.edu.hk/facultylisting.php
HKUST,School of Science,Department of Physics,https://facultyprofiles.hkust.edu.hk/facultylisting.php
HKUST,School of Science,Division of Life Science,https://facultyprofiles.hkust.edu.hk/facultylisting.php
HKUST,School of Engineering,Department of Chemical and Biological Engineering,https://facultyprofiles.hkust.edu.hk/facultylisting.php
HKUST,School of Engineering,Department of Civil and Environmental Engineering,https://facultyprofiles.hkust.edu.hk/facultylisting.php
HKUST,School of Engineering,Department of Computer Science and Engineering,https://facultyprofiles.hkust.edu.hk/facultylisting.php
HKUST,School of Engineering,Department of Electronic and Computer Engineering,https://facultyprofiles.hkust.edu.hk/facultylisting.php
HKUST,School of Engineering,Department of Industrial Engineering and Decision Analytics,https://facultyprofiles.hkust.edu.hk/facultylisting.php
HKUST,School of Engineering,Department of Mechanical and Aerospace Engineering,https://facultyprofiles.hkust.edu.hk/facultylisting.php
HKUST,School of Business and Management,Department of Accounting,https://facultyprofiles.hkust.edu.hk/facultylisting.php
HKUST,School of Business and Management,Department of Economics,https://facultyprofiles.hkust.edu.hk/facultylisting.php
HKUST,School of Business and Management,Department of Finance,https://facultyprofiles.hkust.edu.hk/facultylisting.php
HKUST,School of Business and Management,"Department of Information Systems, Business Statistics and Operations Management",https://facultyprofiles.hkust.edu.hk/facultylisting.php
HKUST,School of Business and Management,Department of Management,https://facultyprofiles.hkust.edu.hk/facultylisting.php
HKUST,School of Business and Management,Department of Marketing,https://facultyprofiles.hkust.edu.hk/facultylisting.php
HKUST,School of Humanities and Social Science,Division of Humanities,https://facultyprofiles.hkust.edu.hk/facultylisting.php
HKUST,School of Humanities and Social Science,Division of Social Science,https://facultyprofiles.hkust.edu.hk/facultylisting.php
HKUST,School of Humanities and Social Science,Center for Language Education,https://facultyprofiles.hkust.edu.hk/facultylisting.php
HKUST,Academy of Interdisciplinary Studies,Academy of Interdisciplinary Studies,https://facultyprofiles.hkust.edu.hk/facultylisting.php
HKUST,Academy of Interdisciplinary Studies,Division of Emerging Interdisciplinary Areas,https://facultyprofiles.hkust.edu.hk/facultylisting.php
HKUST,Academy of Interdisciplinary Studies,Division of Environment and Sustainability,https://facultyprofiles.hkust.edu.hk/facultylisting.php
HKUST,Academy of Interdisciplinary Studies,Division of Integrative Systems and Design,https://facultyprofiles.hkust.edu.hk/facultylisting.php
HKUST,Academy of Interdisciplinary Studies,Division of Public Policy,https://facultyprofiles.hkust.edu.hk/facultylisting.php
